Date,Task,Description,Projected Duration (hrs),Actual Duration (hrs),Outcome,Status,Start Time,End Time,Duration (hrs),Component,Subcomponent,Details
"Saturday, 17 May, 2025",Initial Docker Setup,"Downloaded Docker, attempted first container build with static binaries. Encountered exec format error due to permissions/auth mismatch.",2.0,5.0,Issue traced to CLI authentication with Docker Hub. Resolved using Personal Access Token.,Complete,,,,,,
"Saturday, 17 May, 2025",Docker Environment Configuration,Rebuilt Docker image with correct architecture and permissions. Verified image operation.,1.5,3.0,Successful image run with 'hello-world'.,Complete,,,,,,
"Sunday, 18 May, 2025",AERIS Container Creation,"Created Dockerfile, entry script, mounted volumes, and integrated internal logging and caching structures.",2.0,3.5,Container executed successfully and was responsive.,Complete,,,,,,
"Sunday, 18 May, 2025",Integration Test Setup and Execution,Created and validated scaffold-test.sh and integration-test.py scripts. Verified environment compatibility with mounted volumes and file output.,2.0,3.0,Confirmed system interoperability and baseline functionality for future layers.,Complete,,,,,,
,,,,,,,,,,,,
,,,,,,,,,,,,
,,,,,,,,,,,,
,,,,,,,,,,,,
,,,,,,,,,,,,
,,,,,,,,,,,,
,,,,,,,,,,,,
,,,,,,,,,,,,
,,,,,,,,,,,,
,,,,,,,,,,,,
,,,,,,,,,,,,
,,,,,,,,,,,,
,,,,,,,,,,,,
,,,,,,,,,,,,
,,,,,,,,,,,,
,,,,,,,,,,,,
,,,,,,,,,,,,
,,,,,,,,,,,,
,,,,,,,,,,,,
,,,,,,,,,,,,
,,,,,,,,,,,,
,,,,,,,,,,,,
,,,,,,,,,,,,
,,,,,,,,,,,,
,,,,,,,,,,,,
,,,,,,,,,,,,
,,,,,,,,,,,,
,,,,,,,,,,,,
,,,,,,,,,,,,
,,,,,,,,,,,,
,,,,,,,,,,,,
,,,,,,,,,,,,
,,,,,,,,,,,,
,,,,,,,,,,,,
2025-05-18,,,,,,,15:00,23:30,8.5,TTS Integration,Piper,"Full voice path install, model cleanup, test script creation, successful audio synthesis with fallback planning."
2025-05-18,,,,,,,23:30,23:53,0.38,Trauma Fallback,Session Override System,"Built fallback controller, trigger parsing, route overrides to comfort, shadow, or child-safe. Integrated into mode router. Finalized Phase One."
