Date,Task,Description,Projected Duration (hrs),Actual Duration (hrs),Outcome,Status
"Saturday, 17 May, 2025",Initial Docker Setup,"Downloaded Docker, attempted first container build with static binaries. Encountered exec format error due to permissions/auth mismatch.",2,5,Issue traced to CLI authentication with Docker Hub. Resolved using Personal Access Token.,Complete
"Saturday, 17 May, 2025",Docker Environment Configuration,Rebuilt Docker image with correct architecture and permissions. Verified image operation.,1.5,3,Successful image run with 'hello-world'.,Complete
"Sunday, 18 May, 2025",AERIS Container Creation,"Created Dockerfile, entry script, mounted volumes, and integrated internal logging and caching structures.",2,3.5,Container executed successfully and was responsive.,Complete
"Sunday, 18 May, 2025",Integration Test Setup and Execution,Created and validated scaffold-test.sh and integration-test.py scripts. Verified environment compatibility with mounted volumes and file output.,2,3,Confirmed system interoperability and baseline functionality for future layers.,Complete
,,,,,,
,,,,,,
,,,,,,
,,,,,,
,,,,,,
,,,,,,
,,,,,,
,,,,,,
,,,,,,
,,,,,,
,,,,,,
,,,,,,
,,,,,,
,,,,,,
,,,,,,
,,,,,,
,,,,,,
,,,,,,
,,,,,,
,,,,,,
,,,,,,
,,,,,,
,,,,,,
,,,,,,
,,,,,,
,,,,,,
,,,,,,
,,,,,,
,,,,,,
,,,,,,
,,,,,,
,,,,,,
,,,,,,
,,,,,,
